assignment_id,crew_id,flight_id,role,report_time,scheduled_release,connection_minutes,sequence
A1,C235,F160,CAPTAIN,2026-08-12T04:39:00,2026-08-12T08:04:00,109,1
A2,C172,F160,FIRST_OFFICER,2026-08-12T04:39:00,2026-08-12T08:04:00,48,1
A3,C116,F160,FLIGHT_ATTENDANT,2026-08-12T04:54:00,2026-08-12T08:04:00,30,1
A4,C247,F160,FLIGHT_ATTENDANT,2026-08-12T04:54:00,2026-08-12T08:04:00,62,1
A5,C085,F160,FLIGHT_ATTENDANT,2026-08-12T04:54:00,2026-08-12T08:04:00,72,1
A6,C165,F160,FLIGHT_ATTENDANT,2026-08-12T04:54:00,2026-08-12T08:04:00,83,1
A7,C239,F162,CAPTAIN,2026-08-12T04:45:00,2026-08-12T10:58:00,82,1
A8,C108,F162,FIRST_OFFICER,2026-08-12T04:45:00,2026-08-12T10:58:00,106,1
A9,C249,F162,FLIGHT_ATTENDANT,2026-08-12T05:00:00,2026-08-12T10:58:00,71,1
A10,C114,F162,FLIGHT_ATTENDANT,2026-08-12T05:00:00,2026-08-12T10:58:00,68,1
A11,C005,F162,FLIGHT_ATTENDANT,2026-08-12T05:00:00,2026-08-12T10:58:00,68,1
A12,C132,F129,CAPTAIN,2026-08-12T04:51:00,2026-08-12T07:28:00,71,1
A13,C001,F129,FIRST_OFFICER,2026-08-12T04:51:00,2026-08-12T07:28:00,73,1
A14,C083,F129,FLIGHT_ATTENDANT,2026-08-12T05:06:00,2026-08-12T07:28:00,73,1
A15,C237,F129,FLIGHT_ATTENDANT,2026-08-12T05:06:00,2026-08-12T07:28:00,36,1
A16,C031,F129,FLIGHT_ATTENDANT,2026-08-12T05:06:00,2026-08-12T07:28:00,60,1
A17,C226,F134,CAPTAIN,2026-08-12T04:51:00,2026-08-12T11:25:00,43,1
A18,C229,F134,FIRST_OFFICER,2026-08-12T04:51:00,2026-08-12T11:25:00,78,1
A19,C207,F134,FLIGHT_ATTENDANT,2026-08-12T05:06:00,2026-08-12T11:25:00,47,1
A20,C196,F134,FLIGHT_ATTENDANT,2026-08-12T05:06:00,2026-08-12T11:25:00,70,1
A21,C158,F134,FLIGHT_ATTENDANT,2026-08-12T05:06:00,2026-08-12T11:25:00,50,1
A22,C093,F134,FLIGHT_ATTENDANT,2026-08-12T05:06:00,2026-08-12T11:25:00,85,1
A23,C150,F134,FLIGHT_ATTENDANT,2026-08-12T05:06:00,2026-08-12T11:25:00,47,1
A24,C022,F134,FLIGHT_ATTENDANT,2026-08-12T05:06:00,2026-08-12T11:25:00,46,1
A25,C189,F119,CAPTAIN,2026-08-12T05:05:00,2026-08-12T10:28:00,118,1
A26,C038,F119,FIRST_OFFICER,2026-08-12T05:05:00,2026-08-12T10:28:00,118,1
A27,C250,F119,FLIGHT_ATTENDANT,2026-08-12T05:20:00,2026-08-12T10:28:00,49,1
A28,C185,F119,FLIGHT_ATTENDANT,2026-08-12T05:20:00,2026-08-12T10:28:00,42,1
A29,C162,F119,FLIGHT_ATTENDANT,2026-08-12T05:20:00,2026-08-12T10:28:00,39,1
A30,C072,F183,CAPTAIN,2026-08-12T05:05:00,2026-08-12T11:07:00,101,1
A31,C121,F183,FIRST_OFFICER,2026-08-12T05:05:00,2026-08-12T11:07:00,65,1
A32,C048,F183,FLIGHT_ATTENDANT,2026-08-12T05:20:00,2026-08-12T11:07:00,87,1
A33,C190,F183,FLIGHT_ATTENDANT,2026-08-12T05:20:00,2026-08-12T11:07:00,33,1
A34,C049,F183,FLIGHT_ATTENDANT,2026-08-12T05:20:00,2026-08-12T11:07:00,81,1
A35,C213,F183,FLIGHT_ATTENDANT,2026-08-12T05:20:00,2026-08-12T11:07:00,84,1
A36,C209,F121,CAPTAIN,2026-08-12T05:09:00,2026-08-12T07:55:00,111,1
A37,C079,F121,FIRST_OFFICER,2026-08-12T05:09:00,2026-08-12T07:55:00,86,1
A38,C177,F121,FLIGHT_ATTENDANT,2026-08-12T05:24:00,2026-08-12T07:55:00,72,1
A39,C077,F121,FLIGHT_ATTENDANT,2026-08-12T05:24:00,2026-08-12T07:55:00,50,1
A40,C050,F121,FLIGHT_ATTENDANT,2026-08-12T05:24:00,2026-08-12T07:55:00,73,1
A41,C025,F140,CAPTAIN,2026-08-12T05:15:00,2026-08-12T09:34:00,52,1
A42,C076,F140,FIRST_OFFICER,2026-08-12T05:15:00,2026-08-12T09:34:00,38,1
A43,C152,F140,FLIGHT_ATTENDANT,2026-08-12T05:30:00,2026-08-12T09:34:00,71,1
A44,C191,F140,FLIGHT_ATTENDANT,2026-08-12T05:30:00,2026-08-12T09:34:00,61,1
A45,C068,F140,FLIGHT_ATTENDANT,2026-08-12T05:30:00,2026-08-12T09:34:00,48,1
A46,C167,F182,CAPTAIN,2026-08-12T06:34:00,2026-08-12T11:02:00,68,1
A47,C110,F182,FIRST_OFFICER,2026-08-12T06:34:00,2026-08-12T11:02:00,88,1
A48,C002,F182,FLIGHT_ATTENDANT,2026-08-12T06:49:00,2026-08-12T11:02:00,55,1
A49,C138,F182,FLIGHT_ATTENDANT,2026-08-12T06:49:00,2026-08-12T11:02:00,54,1
A50,C065,F182,FLIGHT_ATTENDANT,2026-08-12T06:49:00,2026-08-12T11:02:00,77,1
A51,C240,F182,FLIGHT_ATTENDANT,2026-08-12T06:49:00,2026-08-12T11:02:00,32,1
A52,C149,F106,CAPTAIN,2026-08-12T06:36:00,2026-08-12T10:27:00,109,1
A53,C171,F106,FIRST_OFFICER,2026-08-12T06:36:00,2026-08-12T10:27:00,108,1
A54,C192,F106,FLIGHT_ATTENDANT,2026-08-12T06:51:00,2026-08-12T10:27:00,82,1
A55,C144,F106,FLIGHT_ATTENDANT,2026-08-12T06:51:00,2026-08-12T10:27:00,42,1
A56,C039,F106,FLIGHT_ATTENDANT,2026-08-12T06:51:00,2026-08-12T10:27:00,51,1
A57,C036,F106,FLIGHT_ATTENDANT,2026-08-12T06:51:00,2026-08-12T10:27:00,76,1
A58,C113,F109,CAPTAIN,2026-08-12T06:41:00,2026-08-12T13:03:00,63,1
A59,C164,F109,FIRST_OFFICER,2026-08-12T06:41:00,2026-08-12T13:03:00,103,1
A60,C098,F109,FLIGHT_ATTENDANT,2026-08-12T06:56:00,2026-08-12T13:03:00,70,1
A61,C206,F109,FLIGHT_ATTENDANT,2026-08-12T06:56:00,2026-08-12T13:03:00,80,1
A62,C231,F109,FLIGHT_ATTENDANT,2026-08-12T06:56:00,2026-08-12T13:03:00,60,1
A63,C166,F131,CAPTAIN,2026-08-12T06:48:00,2026-08-12T12:32:00,120,1
A64,C097,F131,FIRST_OFFICER,2026-08-12T06:48:00,2026-08-12T12:32:00,80,1
A65,C227,F131,FLIGHT_ATTENDANT,2026-08-12T07:03:00,2026-08-12T12:32:00,62,1
A66,C212,F131,FLIGHT_ATTENDANT,2026-08-12T07:03:00,2026-08-12T12:32:00,49,1
A67,C047,F131,FLIGHT_ATTENDANT,2026-08-12T07:03:00,2026-08-12T12:32:00,84,1
A68,C245,F116,CAPTAIN,2026-08-12T06:49:00,2026-08-12T11:34:00,56,1
A69,C105,F116,FIRST_OFFICER,2026-08-12T06:49:00,2026-08-12T11:34:00,119,1
A70,C011,F116,FLIGHT_ATTENDANT,2026-08-12T07:04:00,2026-08-12T11:34:00,86,1
A71,C134,F116,FLIGHT_ATTENDANT,2026-08-12T07:04:00,2026-08-12T11:34:00,65,1
A72,C045,F116,FLIGHT_ATTENDANT,2026-08-12T07:04:00,2026-08-12T11:34:00,41,1
A73,C024,F116,FLIGHT_ATTENDANT,2026-08-12T07:04:00,2026-08-12T11:34:00,48,1
A74,C013,F145,CAPTAIN,2026-08-12T07:28:00,2026-08-12T12:13:00,47,1
A75,C040,F145,FIRST_OFFICER,2026-08-12T07:28:00,2026-08-12T12:13:00,95,1
A76,C143,F145,FLIGHT_ATTENDANT,2026-08-12T07:43:00,2026-08-12T12:13:00,38,1
A77,C228,F145,FLIGHT_ATTENDANT,2026-08-12T07:43:00,2026-08-12T12:13:00,77,1
A78,C200,F145,FLIGHT_ATTENDANT,2026-08-12T07:43:00,2026-08-12T12:13:00,46,1
A79,C099,F145,FLIGHT_ATTENDANT,2026-08-12T07:43:00,2026-08-12T12:13:00,76,1
A80,C154,F133,CAPTAIN,2026-08-12T07:42:00,2026-08-12T10:41:00,106,1
A81,C066,F133,FIRST_OFFICER,2026-08-12T07:42:00,2026-08-12T10:41:00,58,1
A82,C078,F133,FLIGHT_ATTENDANT,2026-08-12T07:57:00,2026-08-12T10:41:00,90,1
A83,C026,F133,FLIGHT_ATTENDANT,2026-08-12T07:57:00,2026-08-12T10:41:00,73,1
A84,C073,F133,FLIGHT_ATTENDANT,2026-08-12T07:57:00,2026-08-12T10:41:00,87,1
A85,C118,F171,CAPTAIN,2026-08-12T07:50:00,2026-08-12T12:01:00,77,1
A86,C133,F171,FIRST_OFFICER,2026-08-12T07:50:00,2026-08-12T12:01:00,118,1
A87,C102,F171,FLIGHT_ATTENDANT,2026-08-12T08:05:00,2026-08-12T12:01:00,35,1
A88,C234,F171,FLIGHT_ATTENDANT,2026-08-12T08:05:00,2026-08-12T12:01:00,44,1
A89,C060,F171,FLIGHT_ATTENDANT,2026-08-12T08:05:00,2026-08-12T12:01:00,52,1
A90,C043,F171,FLIGHT_ATTENDANT,2026-08-12T08:05:00,2026-08-12T12:01:00,44,1
A91,C004,F171,FLIGHT_ATTENDANT,2026-08-12T08:05:00,2026-08-12T12:01:00,77,1
A92,C124,F171,FLIGHT_ATTENDANT,2026-08-12T08:05:00,2026-08-12T12:01:00,85,1
A93,C082,F138,CAPTAIN,2026-08-12T08:04:00,2026-08-12T12:49:00,74,1
A94,C179,F138,FIRST_OFFICER,2026-08-12T08:04:00,2026-08-12T12:49:00,88,1
A95,C220,F138,FLIGHT_ATTENDANT,2026-08-12T08:19:00,2026-08-12T12:49:00,80,1
A96,C248,F138,FLIGHT_ATTENDANT,2026-08-12T08:19:00,2026-08-12T12:49:00,86,1
A97,C112,F138,FLIGHT_ATTENDANT,2026-08-12T08:19:00,2026-08-12T12:49:00,51,1
A98,C146,F138,FLIGHT_ATTENDANT,2026-08-12T08:19:00,2026-08-12T12:49:00,53,1
A99,C169,F123,CAPTAIN,2026-08-12T08:08:00,2026-08-12T14:40:00,68,1
A100,C084,F123,FIRST_OFFICER,2026-08-12T08:08:00,2026-08-12T14:40:00,109,1
A101,C182,F123,FLIGHT_ATTENDANT,2026-08-12T08:23:00,2026-08-12T14:40:00,48,1
A102,C141,F123,FLIGHT_ATTENDANT,2026-08-12T08:23:00,2026-08-12T14:40:00,59,1
A103,C095,F123,FLIGHT_ATTENDANT,2026-08-12T08:23:00,2026-08-12T14:40:00,84,1
A104,C221,F123,FLIGHT_ATTENDANT,2026-08-12T08:23:00,2026-08-12T14:40:00,37,1
A105,C157,F128,CAPTAIN,2026-08-12T08:15:00,2026-08-12T11:23:00,95,1
A106,C147,F128,FIRST_OFFICER,2026-08-12T08:15:00,2026-08-12T11:23:00,41,1
A107,C140,F128,FLIGHT_ATTENDANT,2026-08-12T08:30:00,2026-08-12T11:23:00,85,1
A108,C012,F128,FLIGHT_ATTENDANT,2026-08-12T08:30:00,2026-08-12T11:23:00,70,1
A109,C178,F128,FLIGHT_ATTENDANT,2026-08-12T08:30:00,2026-08-12T11:23:00,67,1
A110,C010,F128,FLIGHT_ATTENDANT,2026-08-12T08:30:00,2026-08-12T11:23:00,67,1
A111,C017,F103,CAPTAIN,2026-08-12T08:31:00,2026-08-12T12:12:00,114,1
A112,C037,F103,FIRST_OFFICER,2026-08-12T08:31:00,2026-08-12T12:12:00,44,1
A113,C080,F103,FLIGHT_ATTENDANT,2026-08-12T08:46:00,2026-08-12T12:12:00,60,1
A114,C014,F103,FLIGHT_ATTENDANT,2026-08-12T08:46:00,2026-08-12T12:12:00,86,1
A115,C062,F103,FLIGHT_ATTENDANT,2026-08-12T08:46:00,2026-08-12T12:12:00,42,1
A116,C061,F103,FLIGHT_ATTENDANT,2026-08-12T08:46:00,2026-08-12T12:12:00,62,1
A117,C058,F103,FLIGHT_ATTENDANT,2026-08-12T08:46:00,2026-08-12T12:12:00,37,1
A118,C006,F103,FLIGHT_ATTENDANT,2026-08-12T08:46:00,2026-08-12T12:12:00,85,1
A119,C223,F181,CAPTAIN,2026-08-12T08:38:00,2026-08-12T13:59:00,83,1
A120,C041,F181,FIRST_OFFICER,2026-08-12T08:38:00,2026-08-12T13:59:00,102,1
A121,C216,F181,FLIGHT_ATTENDANT,2026-08-12T08:53:00,2026-08-12T13:59:00,49,1
A122,C203,F181,FLIGHT_ATTENDANT,2026-08-12T08:53:00,2026-08-12T13:59:00,56,1
A123,C046,F181,FLIGHT_ATTENDANT,2026-08-12T08:53:00,2026-08-12T13:59:00,33,1
A124,C236,F180,CAPTAIN,2026-08-12T08:41:00,2026-08-12T14:56:00,54,1
A125,C181,F180,FIRST_OFFICER,2026-08-12T08:41:00,2026-08-12T14:56:00,52,1
A126,C148,F180,FLIGHT_ATTENDANT,2026-08-12T08:56:00,2026-08-12T14:56:00,42,1
A127,C195,F180,FLIGHT_ATTENDANT,2026-08-12T08:56:00,2026-08-12T14:56:00,51,1
A128,C109,F180,FLIGHT_ATTENDANT,2026-08-12T08:56:00,2026-08-12T14:56:00,56,1
A129,C094,F122,CAPTAIN,2026-08-12T08:45:00,2026-08-12T15:23:00,107,1
A130,C188,F122,FIRST_OFFICER,2026-08-12T08:45:00,2026-08-12T15:23:00,93,1
A131,C020,F122,FLIGHT_ATTENDANT,2026-08-12T09:00:00,2026-08-12T15:23:00,39,1
A132,C104,F132,CAPTAIN,2026-08-12T08:52:00,2026-08-12T14:58:00,75,1
A133,C119,F132,FIRST_OFFICER,2026-08-12T08:52:00,2026-08-12T14:58:00,58,1
A134,C117,F139,CAPTAIN,2026-08-12T09:23:00,2026-08-12T12:30:00,45,1
A135,C186,F139,FIRST_OFFICER,2026-08-12T09:23:00,2026-08-12T12:30:00,97,1
A136,C161,F165,CAPTAIN,2026-08-12T09:34:00,2026-08-12T15:30:00,77,1
A137,C044,F165,FIRST_OFFICER,2026-08-12T09:34:00,2026-08-12T15:30:00,115,1
A138,C008,F156,CAPTAIN,2026-08-12T09:58:00,2026-08-12T15:04:00,57,1
A139,C130,F156,FIRST_OFFICER,2026-08-12T09:58:00,2026-08-12T15:04:00,75,1
A140,C071,F152,CAPTAIN,2026-08-12T10:02:00,2026-08-12T16:00:00,116,1
A141,C230,F152,FIRST_OFFICER,2026-08-12T10:02:00,2026-08-12T16:00:00,42,1
A142,C174,F163,CAPTAIN,2026-08-12T10:12:00,2026-08-12T16:22:00,35,1
A143,C225,F163,FIRST_OFFICER,2026-08-12T10:12:00,2026-08-12T16:22:00,92,1
A144,C211,F107,CAPTAIN,2026-08-12T10:30:00,2026-08-12T16:59:00,70,1
A145,C128,F107,FIRST_OFFICER,2026-08-12T10:30:00,2026-08-12T16:59:00,61,1
A146,C193,F157,CAPTAIN,2026-08-12T10:48:00,2026-08-12T16:06:00,56,1
A147,C064,F157,FIRST_OFFICER,2026-08-12T10:48:00,2026-08-12T16:06:00,108,1
A148,C173,F101,CAPTAIN,2026-08-12T10:50:00,2026-08-12T15:37:00,55,1
A149,C003,F101,FIRST_OFFICER,2026-08-12T10:50:00,2026-08-12T15:37:00,97,1
A150,C127,F136,CAPTAIN,2026-08-12T10:53:00,2026-08-12T14:24:00,46,1
A151,C120,F136,FIRST_OFFICER,2026-08-12T10:53:00,2026-08-12T14:24:00,51,1
A152,C126,F130,CAPTAIN,2026-08-12T10:56:00,2026-08-12T17:34:00,113,1
A153,C242,F130,FIRST_OFFICER,2026-08-12T10:56:00,2026-08-12T17:34:00,90,1
A154,C202,F184,CAPTAIN,2026-08-12T11:05:00,2026-08-12T14:06:00,116,1
A155,C160,F184,FIRST_OFFICER,2026-08-12T11:05:00,2026-08-12T14:06:00,89,1
A156,C018,F137,CAPTAIN,2026-08-12T11:09:00,2026-08-12T18:06:00,86,1
A157,C030,F137,FIRST_OFFICER,2026-08-12T11:09:00,2026-08-12T18:06:00,89,1
A158,C106,F166,CAPTAIN,2026-08-12T11:10:00,2026-08-12T16:54:00,96,1
A159,C086,F166,FIRST_OFFICER,2026-08-12T11:10:00,2026-08-12T16:54:00,84,1
A160,C081,F150,CAPTAIN,2026-08-12T11:20:00,2026-08-12T14:55:00,35,1
A161,C115,F150,FIRST_OFFICER,2026-08-12T11:20:00,2026-08-12T14:55:00,39,1
A162,C176,F127,CAPTAIN,2026-08-12T11:39:00,2026-08-12T15:20:00,103,1
A163,C217,F127,FIRST_OFFICER,2026-08-12T11:39:00,2026-08-12T15:20:00,60,1
A164,C243,F187,CAPTAIN,2026-08-12T12:19:00,2026-08-12T16:41:00,82,1
A165,C007,F187,FIRST_OFFICER,2026-08-12T12:19:00,2026-08-12T16:41:00,36,1
A166,C183,F105,CAPTAIN,2026-08-12T12:41:00,2026-08-12T19:23:00,76,1
A167,C241,F105,FIRST_OFFICER,2026-08-12T12:41:00,2026-08-12T19:23:00,102,1
A168,C238,F169,CAPTAIN,2026-08-12T12:43:00,2026-08-12T19:15:00,59,1
A169,C204,F169,FIRST_OFFICER,2026-08-12T12:43:00,2026-08-12T19:15:00,37,1
A170,C208,F170,CAPTAIN,2026-08-12T12:47:00,2026-08-12T18:08:00,35,1
A171,C205,F170,FIRST_OFFICER,2026-08-12T12:47:00,2026-08-12T18:08:00,115,1
A172,C246,F149,CAPTAIN,2026-08-12T13:18:00,2026-08-12T16:06:00,66,1
A173,C054,F149,FIRST_OFFICER,2026-08-12T13:18:00,2026-08-12T16:06:00,63,1
A174,C023,F167,CAPTAIN,2026-08-12T13:21:00,2026-08-12T15:51:00,79,1
A175,C125,F167,FIRST_OFFICER,2026-08-12T13:21:00,2026-08-12T15:51:00,74,1
A176,C139,F120,CAPTAIN,2026-08-12T14:02:00,2026-08-12T18:24:00,51,1
A177,C101,F120,FIRST_OFFICER,2026-08-12T14:02:00,2026-08-12T18:24:00,48,1
A178,C015,F161,CAPTAIN,2026-08-12T14:20:00,2026-08-12T21:11:00,84,1
A179,C032,F111,CAPTAIN,2026-08-12T14:23:00,2026-08-12T18:34:00,99,1
A180,C053,F146,CAPTAIN,2026-08-12T14:49:00,2026-08-12T20:55:00,110,1
A181,C070,F158,CAPTAIN,2026-08-12T14:56:00,2026-08-12T21:46:00,74,1
A182,C051,F102,CAPTAIN,2026-08-12T15:11:00,2026-08-12T21:56:00,56,1
A183,C052,F174,CAPTAIN,2026-08-12T15:11:00,2026-08-12T17:43:00,43,1
A184,C145,F124,CAPTAIN,2026-08-12T15:14:00,2026-08-12T21:24:00,40,1
A185,C215,F164,CAPTAIN,2026-08-12T15:19:00,2026-08-12T18:52:00,73,1
A186,C029,F108,CAPTAIN,2026-08-12T15:38:00,2026-08-12T20:24:00,72,1
A187,C035,F100,CAPTAIN,2026-08-12T15:41:00,2026-08-12T20:57:00,93,1
A188,C180,F148,CAPTAIN,2026-08-12T16:02:00,2026-08-12T22:10:00,101,1
A189,C201,F117,CAPTAIN,2026-08-12T16:10:00,2026-08-12T21:19:00,111,1
